-- phpMyAdmin SQL Dump
-- version 5.2.1
-- https://www.phpmyadmin.net/
--
-- Host: 127.0.0.1
-- Generation Time: May 28, 2024 at 01:28 PM
-- Server version: 10.4.32-MariaDB
-- PHP Version: 8.2.12

SET SQL_MODE = "NO_AUTO_VALUE_ON_ZERO";
START TRANSACTION;
SET time_zone = "+00:00";


/*!40101 SET @OLD_CHARACTER_SET_CLIENT=@@CHARACTER_SET_CLIENT */;
/*!40101 SET @OLD_CHARACTER_SET_RESULTS=@@CHARACTER_SET_RESULTS */;
/*!40101 SET @OLD_COLLATION_CONNECTION=@@COLLATION_CONNECTION */;
/*!40101 SET NAMES utf8mb4 */;

--
-- Database: `ridelink`
--

-- --------------------------------------------------------

--
-- Table structure for table `admin`
--

CREATE TABLE `admin` (
  `admin_id` int(11) NOT NULL,
  `username` varchar(50) NOT NULL,
  `email` varchar(255) NOT NULL,
  `password` varchar(255) NOT NULL,
  `created_at` timestamp NOT NULL DEFAULT current_timestamp()
) ENGINE=InnoDB DEFAULT CHARSET=utf8mb4 COLLATE=utf8mb4_general_ci;

--
-- Dumping data for table `admin`
--

INSERT INTO `admin` (`admin_id`, `username`, `email`, `password`, `created_at`) VALUES
(1, 'testadmin', 'testadmin@example.com', '$2y$10$eGZK8L7l4/jBk.wU/1B0Re9G1Q1B/EtyTzWy2z5Uq1XKbk6N4FgGq', '2024-05-28 10:39:15');

-- --------------------------------------------------------

--
-- Table structure for table `booking_details`
--

CREATE TABLE `booking_details` (
  `booking_id` int(11) NOT NULL,
  `driver_id` int(11) DEFAULT NULL,
  `driver_name` varchar(255) DEFAULT NULL,
  `pickup_location` varchar(255) DEFAULT NULL,
  `destination_location` varchar(255) DEFAULT NULL,
  `booking_time` timestamp NOT NULL DEFAULT current_timestamp(),
  `status` varchar(50) DEFAULT 'pending',
  `user_id` int(11) NOT NULL
) ENGINE=InnoDB DEFAULT CHARSET=utf8mb4 COLLATE=utf8mb4_general_ci;

--
-- Dumping data for table `booking_details`
--

INSERT INTO `booking_details` (`booking_id`, `driver_id`, `driver_name`, `pickup_location`, `destination_location`, `booking_time`, `status`, `user_id`) VALUES
(38, 17, 'test3', 'Nyabugogo', 'Remera', '2024-05-26 17:18:24', 'cancelled', 15),
(39, 17, 'test3', 'kimironko', 'Kanombe', '2024-05-26 17:41:46', 'pending', 15),
(40, 29, 'thisistempdriver', 'kicukiro', 'Nyabugogo', '2024-05-27 14:43:50', 'accepted', 28),
(41, 29, 'thisistempdriver', 'Nyabugogo', 'Nyarugenge', '2024-05-27 15:21:49', 'pending', 28);

-- --------------------------------------------------------

--
-- Table structure for table `car_owners`
--

CREATE TABLE `car_owners` (
  `car_owner_id` int(11) NOT NULL,
  `user_id` int(11) NOT NULL,
  `vehicle_make` varchar(100) NOT NULL,
  `vehicle_model` varchar(100) NOT NULL,
  `vehicle_year` int(11) NOT NULL,
  `vehicle_registration` varchar(100) NOT NULL
) ENGINE=InnoDB DEFAULT CHARSET=utf8mb4 COLLATE=utf8mb4_general_ci;

--
-- Dumping data for table `car_owners`
--

INSERT INTO `car_owners` (`car_owner_id`, `user_id`, `vehicle_make`, `vehicle_model`, `vehicle_year`, `vehicle_registration`) VALUES
(1, 28, 'Tesla', 'Teesla140', 2023, '');

-- --------------------------------------------------------

--
-- Table structure for table `passenger_locations`
--

CREATE TABLE `passenger_locations` (
  `location_id` int(11) NOT NULL,
  `user_id` int(11) NOT NULL,
  `latitude` decimal(10,6) NOT NULL,
  `longitude` decimal(10,6) NOT NULL,
  `timestamp` timestamp NOT NULL DEFAULT current_timestamp()
) ENGINE=InnoDB DEFAULT CHARSET=utf8mb4 COLLATE=utf8mb4_general_ci;

--
-- Dumping data for table `passenger_locations`
--

INSERT INTO `passenger_locations` (`location_id`, `user_id`, `latitude`, `longitude`, `timestamp`) VALUES
(255, 15, -1.951883, 30.054957, '2024-05-22 16:25:09'),
(256, 15, -1.951883, 30.054957, '2024-05-22 16:25:11'),
(257, 15, -1.951883, 30.054957, '2024-05-22 17:16:52'),
(258, 15, -1.951883, 30.054957, '2024-05-22 17:21:39'),
(259, 15, -1.951883, 30.054957, '2024-05-22 17:23:44'),
(260, 15, -1.951883, 30.054957, '2024-05-22 17:23:46'),
(261, 15, -1.951883, 30.054957, '2024-05-22 17:28:50'),
(262, 15, -1.951883, 30.054957, '2024-05-22 17:28:59'),
(263, 15, -1.951883, 30.054957, '2024-05-22 17:29:00'),
(264, 15, -1.951883, 30.054957, '2024-05-22 17:29:01'),
(265, 15, -1.951883, 30.054957, '2024-05-22 17:36:13'),
(266, 15, -1.951883, 30.054957, '2024-05-22 17:36:15'),
(267, 15, -1.951883, 30.054957, '2024-05-22 17:37:00'),
(268, 15, -1.951883, 30.054957, '2024-05-22 17:37:02'),
(269, 15, -1.951883, 30.054957, '2024-05-22 17:38:32'),
(270, 15, -1.951883, 30.054957, '2024-05-22 17:38:34'),
(271, 15, -1.951883, 30.054957, '2024-05-22 17:57:43'),
(272, 15, -1.951883, 30.054957, '2024-05-22 17:57:45'),
(273, 15, -1.951883, 30.054957, '2024-05-22 18:04:45'),
(274, 15, -1.951883, 30.054957, '2024-05-22 18:04:48'),
(275, 15, -1.951883, 30.054957, '2024-05-22 18:04:50'),
(276, 15, -1.951883, 30.054957, '2024-05-22 18:04:55'),
(277, 15, -1.951883, 30.054957, '2024-05-22 18:05:14'),
(278, 15, -1.951883, 30.054957, '2024-05-22 18:07:21'),
(279, 15, -1.951883, 30.054957, '2024-05-22 18:07:23'),
(280, 15, -1.951883, 30.054957, '2024-05-22 18:07:24'),
(281, 15, -1.951883, 30.054957, '2024-05-22 18:07:26'),
(282, 15, -1.951883, 30.054957, '2024-05-22 18:07:31'),
(283, 15, -1.951883, 30.054957, '2024-05-22 18:08:32'),
(284, 15, -1.951883, 30.054957, '2024-05-22 18:08:37'),
(285, 15, -1.951883, 30.054957, '2024-05-22 18:08:39'),
(286, 15, -1.961864, 30.064284, '2024-05-22 18:12:10'),
(287, 15, -1.961864, 30.064284, '2024-05-22 18:12:12'),
(288, 15, -1.951883, 30.054957, '2024-05-22 18:17:50'),
(289, 15, -1.951883, 30.054957, '2024-05-22 18:17:52'),
(290, 15, -1.951883, 30.054957, '2024-05-22 18:18:18'),
(291, 15, -1.951883, 30.054957, '2024-05-22 18:18:20'),
(292, 15, -1.951883, 30.054957, '2024-05-22 18:22:27'),
(293, 15, -1.951883, 30.054957, '2024-05-22 18:22:51'),
(294, 15, -1.951883, 30.054957, '2024-05-22 18:22:54'),
(295, 15, -1.951883, 30.054957, '2024-05-22 18:33:01'),
(296, 15, -1.951883, 30.054957, '2024-05-22 18:33:03'),
(297, 15, -1.961864, 30.064284, '2024-05-22 18:39:37'),
(298, 15, -1.961864, 30.064284, '2024-05-22 18:39:40'),
(299, 15, -1.961864, 30.064284, '2024-05-22 18:39:42'),
(300, 15, -1.961864, 30.064284, '2024-05-22 18:39:47'),
(301, 15, -1.961864, 30.064284, '2024-05-22 18:40:50'),
(302, 15, -1.961864, 30.064284, '2024-05-22 18:40:52'),
(303, 15, -1.961864, 30.064284, '2024-05-22 18:41:23'),
(304, 15, -1.961864, 30.064284, '2024-05-22 18:41:24'),
(305, 15, -1.961864, 30.064284, '2024-05-22 18:41:26'),
(306, 15, -1.951883, 30.054957, '2024-05-22 18:47:37'),
(307, 15, -1.951883, 30.054957, '2024-05-22 18:47:40'),
(308, 15, -1.951883, 30.054957, '2024-05-22 18:47:42'),
(309, 15, -1.951883, 30.054957, '2024-05-22 18:47:47'),
(310, 15, -1.951883, 30.054957, '2024-05-22 18:49:19'),
(311, 15, -1.951883, 30.054957, '2024-05-22 18:49:21'),
(312, 15, -1.951883, 30.054957, '2024-05-22 18:49:23'),
(313, 15, -1.951883, 30.054957, '2024-05-22 18:49:46'),
(314, 15, -1.951883, 30.054957, '2024-05-22 18:58:18'),
(315, 15, -1.951883, 30.054957, '2024-05-22 18:58:21'),
(316, 15, -1.951883, 30.054957, '2024-05-22 18:58:23'),
(317, 15, -1.951883, 30.054957, '2024-05-22 18:58:28'),
(318, 15, -1.951883, 30.054957, '2024-05-22 18:59:31'),
(319, 15, -1.951883, 30.054957, '2024-05-22 18:59:33'),
(320, 15, -1.951883, 30.054957, '2024-05-22 18:59:35'),
(321, 15, -1.961864, 30.064285, '2024-05-22 19:15:02'),
(322, 15, -1.961864, 30.064285, '2024-05-22 19:15:33'),
(323, 15, -1.961864, 30.064285, '2024-05-22 19:15:35'),
(324, 15, -1.961864, 30.064285, '2024-05-22 19:16:08'),
(325, 15, -1.961864, 30.064283, '2024-05-22 19:20:14'),
(326, 15, -1.961864, 30.064283, '2024-05-22 19:20:16'),
(327, 15, -1.961864, 30.064283, '2024-05-22 19:20:18'),
(328, 15, -1.961864, 30.064283, '2024-05-22 19:20:23'),
(329, 15, -1.961864, 30.064283, '2024-05-22 19:21:43'),
(330, 15, -1.961864, 30.064283, '2024-05-22 19:21:45'),
(331, 15, -1.961864, 30.064283, '2024-05-22 19:21:47'),
(332, 15, -1.951883, 30.054957, '2024-05-22 19:21:53'),
(333, 15, -1.951883, 30.054957, '2024-05-22 19:22:20'),
(334, 15, -1.951883, 30.054957, '2024-05-22 19:22:22'),
(335, 15, -1.951883, 30.054957, '2024-05-22 19:22:24'),
(336, 15, -1.951883, 30.054957, '2024-05-22 19:22:26'),
(337, 15, -1.961864, 30.064283, '2024-05-22 19:26:22'),
(338, 15, -1.961864, 30.064283, '2024-05-22 19:26:24'),
(339, 15, -1.961864, 30.064283, '2024-05-22 19:26:50'),
(340, 15, -1.961864, 30.064283, '2024-05-22 19:26:54'),
(341, 15, -1.961864, 30.064283, '2024-05-22 19:26:56'),
(342, 15, -1.961864, 30.064283, '2024-05-22 19:27:13'),
(343, 15, -1.961864, 30.064281, '2024-05-22 19:28:43'),
(344, 15, -1.961864, 30.064281, '2024-05-22 19:28:44'),
(345, 15, -1.951883, 30.054957, '2024-05-22 19:35:32'),
(346, 15, -1.951883, 30.054957, '2024-05-22 19:35:34'),
(347, 15, -1.951883, 30.054957, '2024-05-22 19:36:38'),
(348, 15, -1.951883, 30.054957, '2024-05-22 19:45:00'),
(349, 15, -1.951883, 30.054957, '2024-05-22 19:51:31'),
(350, 15, -1.951883, 30.054957, '2024-05-22 19:51:38'),
(351, 15, -1.951883, 30.054957, '2024-05-22 19:51:40'),
(352, 15, -1.951883, 30.054957, '2024-05-22 19:51:41'),
(353, 15, -1.951883, 30.054957, '2024-05-22 19:51:42'),
(354, 15, -1.951883, 30.054957, '2024-05-22 19:51:45'),
(355, 15, -1.951883, 30.054957, '2024-05-22 19:51:45'),
(356, 15, -1.951883, 30.054957, '2024-05-22 19:51:48'),
(357, 15, -1.951883, 30.054957, '2024-05-22 19:51:53'),
(358, 15, -1.951883, 30.054957, '2024-05-22 19:51:55'),
(359, 15, -1.951883, 30.054957, '2024-05-22 19:51:59'),
(360, 15, -1.951883, 30.054957, '2024-05-22 19:52:00'),
(361, 15, -1.951883, 30.054957, '2024-05-22 19:52:02'),
(362, 15, -1.951883, 30.054957, '2024-05-22 19:52:03'),
(363, 15, -1.951883, 30.054957, '2024-05-22 19:52:04'),
(364, 15, -1.951883, 30.054957, '2024-05-22 19:52:07'),
(365, 15, -1.951883, 30.054957, '2024-05-22 19:52:07'),
(366, 15, -1.951883, 30.054957, '2024-05-22 19:52:09'),
(367, 15, -1.951883, 30.054957, '2024-05-22 19:52:11'),
(368, 15, -1.951883, 30.054957, '2024-05-22 19:52:13'),
(369, 15, -1.951883, 30.054957, '2024-05-22 19:54:39'),
(370, 15, -1.951883, 30.054957, '2024-05-22 19:54:41'),
(371, 15, -1.951883, 30.054957, '2024-05-22 19:54:43'),
(372, 15, -1.951883, 30.054957, '2024-05-22 19:55:45'),
(373, 15, -1.951883, 30.054957, '2024-05-22 19:55:47'),
(374, 15, -1.951883, 30.054957, '2024-05-22 19:55:49'),
(375, 15, -1.951883, 30.054957, '2024-05-22 19:55:55'),
(376, 15, -1.951883, 30.054957, '2024-05-22 20:01:16'),
(377, 15, -1.951883, 30.054957, '2024-05-22 20:01:18'),
(378, 15, -1.961864, 30.064281, '2024-05-22 20:01:46'),
(379, 15, -1.961864, 30.064281, '2024-05-22 20:01:48'),
(380, 15, -1.961864, 30.064281, '2024-05-22 20:01:52'),
(381, 15, -1.961864, 30.064281, '2024-05-22 20:01:54'),
(382, 15, -1.961864, 30.064281, '2024-05-22 20:02:09'),
(383, 15, -1.961864, 30.064281, '2024-05-22 20:02:12'),
(384, 15, -1.961864, 30.064281, '2024-05-22 20:02:13'),
(385, 15, -1.961864, 30.064281, '2024-05-22 20:02:15'),
(386, 15, -1.961864, 30.064281, '2024-05-22 20:02:52'),
(387, 15, -1.961864, 30.064281, '2024-05-22 20:02:54'),
(388, 15, -1.961864, 30.064281, '2024-05-22 20:02:55'),
(389, 15, -1.961864, 30.064281, '2024-05-22 20:02:57'),
(390, 15, -1.951883, 30.054957, '2024-05-22 20:04:11'),
(391, 15, -1.951883, 30.054957, '2024-05-22 20:04:13'),
(392, 15, -1.951883, 30.054957, '2024-05-22 20:04:18'),
(393, 15, -1.951883, 30.054957, '2024-05-22 20:04:55'),
(394, 15, -1.951883, 30.054957, '2024-05-22 20:04:57'),
(395, 15, -1.961864, 30.064281, '2024-05-22 20:17:11'),
(396, 15, -1.961864, 30.064281, '2024-05-22 20:17:11'),
(397, 15, -1.961864, 30.064281, '2024-05-22 20:17:13'),
(398, 15, -1.961864, 30.064281, '2024-05-22 20:17:15'),
(399, 15, -1.958601, 30.063022, '2024-05-23 08:21:15'),
(400, 15, -1.958601, 30.063022, '2024-05-23 08:21:17'),
(401, 15, -1.958606, 30.062986, '2024-05-23 08:23:50'),
(402, 15, -1.958606, 30.062986, '2024-05-23 08:23:51'),
(403, 15, -1.964925, 30.055679, '2024-05-23 08:28:51'),
(404, 15, -1.964925, 30.055679, '2024-05-23 08:30:15'),
(405, 15, -1.964925, 30.055679, '2024-05-23 08:30:17'),
(406, 15, -1.964925, 30.055679, '2024-05-23 08:30:50'),
(407, 15, -1.964925, 30.055679, '2024-05-23 08:30:52'),
(408, 15, -1.964925, 30.055679, '2024-05-23 08:31:03'),
(409, 15, -1.964925, 30.055679, '2024-05-23 08:31:05'),
(410, 15, -1.964925, 30.055679, '2024-05-23 08:33:08'),
(411, 15, -1.964925, 30.055679, '2024-05-23 08:33:10'),
(412, 15, -1.964925, 30.055679, '2024-05-23 08:34:13'),
(413, 15, -1.964925, 30.055679, '2024-05-23 08:34:15'),
(414, 15, -1.964925, 30.055679, '2024-05-23 08:34:16'),
(415, 15, -1.964925, 30.055679, '2024-05-23 08:34:18'),
(416, 15, -1.964925, 30.055679, '2024-05-23 08:38:03'),
(417, 15, -1.964925, 30.055679, '2024-05-23 08:38:26'),
(418, 15, -1.964925, 30.055679, '2024-05-23 08:38:28'),
(419, 15, -1.964925, 30.055679, '2024-05-23 08:38:46'),
(420, 15, -1.964925, 30.055679, '2024-05-23 08:38:48'),
(421, 15, -1.964925, 30.055679, '2024-05-23 08:40:39'),
(422, 15, -1.964925, 30.055679, '2024-05-23 08:40:41'),
(423, 15, -1.964925, 30.055679, '2024-05-23 08:40:43'),
(424, 15, -1.964925, 30.055679, '2024-05-23 08:41:29'),
(425, 15, -1.964925, 30.055679, '2024-05-23 08:41:30'),
(426, 15, -1.964925, 30.055679, '2024-05-23 08:41:32'),
(427, 15, -1.964925, 30.055679, '2024-05-23 08:41:47'),
(428, 15, -1.964925, 30.055679, '2024-05-23 08:43:53'),
(429, 15, -1.964925, 30.055679, '2024-05-23 08:44:11'),
(430, 15, -1.964925, 30.055679, '2024-05-23 08:44:12'),
(431, 15, -1.964925, 30.055679, '2024-05-23 08:44:38'),
(432, 15, -1.964925, 30.055679, '2024-05-23 08:44:40'),
(433, 15, -1.964925, 30.055679, '2024-05-23 08:47:52'),
(434, 15, -1.964925, 30.055679, '2024-05-23 08:48:12'),
(435, 15, -1.964925, 30.055679, '2024-05-23 08:48:14'),
(436, 15, -1.964925, 30.055679, '2024-05-23 08:49:29'),
(437, 15, -1.964925, 30.055679, '2024-05-23 08:49:31'),
(438, 15, -1.964925, 30.055679, '2024-05-23 08:50:22'),
(439, 15, -1.964925, 30.055679, '2024-05-23 08:50:22'),
(440, 15, -1.964925, 30.055679, '2024-05-23 08:50:23'),
(441, 15, -1.964925, 30.055679, '2024-05-23 08:59:22'),
(442, 15, 0.000000, 0.000000, '2024-05-23 08:59:24'),
(443, 15, 0.000000, 0.000000, '2024-05-23 08:59:26'),
(444, 15, 0.000000, 0.000000, '2024-05-23 08:59:32'),
(445, 15, 0.000000, 0.000000, '2024-05-23 09:00:08'),
(446, 15, 0.000000, 0.000000, '2024-05-23 09:00:10'),
(447, 15, 0.000000, 0.000000, '2024-05-23 09:01:23'),
(448, 15, -1.964925, 30.055679, '2024-05-23 09:01:24'),
(449, 15, -1.964925, 30.055679, '2024-05-23 09:01:26'),
(450, 15, -1.964925, 30.055679, '2024-05-23 09:01:42'),
(451, 15, -1.964925, 30.055679, '2024-05-23 09:01:55'),
(452, 15, -1.964925, 30.055679, '2024-05-23 09:01:57'),
(453, 15, -1.964925, 30.055679, '2024-05-23 09:03:02'),
(454, 15, -1.964925, 30.055679, '2024-05-23 09:04:23'),
(455, 15, -1.964925, 30.055679, '2024-05-23 09:04:25'),
(456, 15, -1.964925, 30.055679, '2024-05-23 09:04:27'),
(457, 15, -1.964925, 30.055679, '2024-05-23 09:04:32'),
(458, 15, -1.964925, 30.055679, '2024-05-23 09:04:33'),
(459, 15, -1.964925, 30.055679, '2024-05-23 09:05:52'),
(460, 15, -1.964925, 30.055679, '2024-05-23 09:05:52'),
(461, 15, -1.964925, 30.055679, '2024-05-23 09:05:54'),
(462, 15, -1.964925, 30.055679, '2024-05-23 09:05:56'),
(463, 15, -1.964925, 30.055679, '2024-05-23 09:06:03'),
(464, 15, -1.964925, 30.055679, '2024-05-23 09:07:57'),
(465, 15, -1.964925, 30.055679, '2024-05-23 09:07:57'),
(466, 15, -1.964925, 30.055679, '2024-05-23 09:07:59'),
(467, 15, -1.964925, 30.055679, '2024-05-23 09:08:04'),
(468, 15, -1.964925, 30.055679, '2024-05-23 09:08:06'),
(469, 15, -1.964925, 30.055679, '2024-05-23 09:08:07'),
(470, 15, -1.964925, 30.055679, '2024-05-23 09:10:14'),
(471, 15, -1.964925, 30.055679, '2024-05-23 09:10:16'),
(472, 15, -1.964925, 30.055679, '2024-05-23 09:10:18'),
(473, 15, -1.964925, 30.055679, '2024-05-23 09:10:24'),
(474, 15, -1.964925, 30.055679, '2024-05-23 09:12:02'),
(475, 15, -1.964925, 30.055679, '2024-05-23 09:12:05'),
(476, 15, -1.964925, 30.055679, '2024-05-23 09:12:06'),
(477, 15, -1.964925, 30.055679, '2024-05-23 09:12:12'),
(478, 15, -1.964925, 30.055679, '2024-05-23 09:12:28'),
(479, 15, -1.964925, 30.055679, '2024-05-23 09:12:28'),
(480, 15, -1.964925, 30.055679, '2024-05-23 09:12:30'),
(481, 15, -1.964925, 30.055679, '2024-05-23 09:12:32'),
(482, 15, -1.964925, 30.055679, '2024-05-23 09:12:40'),
(483, 15, -1.964925, 30.055679, '2024-05-23 09:12:41'),
(484, 15, -1.964925, 30.055679, '2024-05-23 09:12:43'),
(485, 15, -1.964925, 30.055679, '2024-05-23 09:12:45'),
(486, 15, -1.964925, 30.055679, '2024-05-23 09:13:15'),
(487, 15, -1.964925, 30.055679, '2024-05-23 09:13:20'),
(488, 15, -1.964925, 30.055679, '2024-05-23 09:13:25'),
(489, 15, -1.964925, 30.055679, '2024-05-23 09:13:27'),
(490, 15, -1.964925, 30.055679, '2024-05-23 09:13:29'),
(491, 15, -1.964925, 30.055679, '2024-05-23 09:13:35'),
(492, 15, -1.964925, 30.055679, '2024-05-23 09:13:39'),
(493, 15, -1.964925, 30.055679, '2024-05-23 09:13:40'),
(494, 15, -1.964925, 30.055679, '2024-05-23 09:13:42'),
(495, 15, -1.964925, 30.055679, '2024-05-23 09:13:43'),
(496, 15, -1.964925, 30.055679, '2024-05-23 09:13:45'),
(497, 15, -1.964925, 30.055679, '2024-05-23 09:13:45'),
(498, 15, -1.964925, 30.055679, '2024-05-23 09:13:59'),
(499, 15, -1.964925, 30.055679, '2024-05-23 09:14:01'),
(500, 15, -1.964925, 30.055679, '2024-05-23 09:14:50'),
(501, 15, -1.964925, 30.055679, '2024-05-23 09:14:52'),
(502, 15, -1.964925, 30.055679, '2024-05-23 09:14:59'),
(503, 15, -1.964925, 30.055679, '2024-05-23 09:15:00'),
(504, 15, -1.964925, 30.055679, '2024-05-23 09:15:01'),
(505, 15, -1.964925, 30.055679, '2024-05-23 09:15:15'),
(506, 15, -1.964925, 30.055679, '2024-05-23 09:15:17'),
(507, 15, -1.964925, 30.055679, '2024-05-23 09:15:17'),
(508, 15, -1.964925, 30.055679, '2024-05-23 09:15:22'),
(509, 15, -1.964925, 30.055679, '2024-05-23 09:15:24'),
(510, 15, -1.964925, 30.055679, '2024-05-23 09:15:25'),
(511, 15, -1.964925, 30.055679, '2024-05-23 09:15:35'),
(512, 15, -1.964925, 30.055679, '2024-05-23 09:15:37'),
(513, 15, -1.964925, 30.055679, '2024-05-23 09:16:17'),
(514, 15, -1.964925, 30.055679, '2024-05-23 09:16:19'),
(515, 15, -1.964925, 30.055679, '2024-05-23 09:18:17'),
(516, 15, -1.964925, 30.055679, '2024-05-23 09:18:19'),
(517, 15, -1.964925, 30.055679, '2024-05-23 09:18:21'),
(518, 15, -1.964925, 30.055679, '2024-05-23 09:18:23'),
(519, 15, -1.964925, 30.055679, '2024-05-23 09:18:27'),
(520, 15, -1.964925, 30.055679, '2024-05-23 09:18:37'),
(521, 15, -1.964925, 30.055679, '2024-05-23 09:18:39'),
(522, 15, -1.964925, 30.055679, '2024-05-23 09:18:41'),
(523, 15, -1.964925, 30.055679, '2024-05-23 09:23:16'),
(524, 15, -1.964925, 30.055679, '2024-05-23 09:23:18'),
(525, 28, -1.964925, 30.055679, '2024-05-23 09:25:32'),
(528, 15, -1.964925, 30.055679, '2024-05-23 09:26:52'),
(529, 15, -1.964925, 30.055679, '2024-05-23 09:26:54'),
(530, 15, -1.964925, 30.055679, '2024-05-23 09:27:11'),
(531, 15, -1.958599, 30.063014, '2024-05-23 09:29:28'),
(532, 15, -1.964925, 30.055679, '2024-05-23 09:31:31'),
(533, 15, -1.964925, 30.055679, '2024-05-23 09:40:26'),
(534, 15, -1.964925, 30.055679, '2024-05-23 09:40:28'),
(535, 15, -1.964925, 30.055679, '2024-05-23 09:46:16'),
(536, 15, -1.964925, 30.055679, '2024-05-23 09:46:18'),
(537, 15, -1.964925, 30.055679, '2024-05-23 09:46:47'),
(538, 15, -1.964925, 30.055679, '2024-05-23 09:46:47'),
(539, 15, -1.964925, 30.055679, '2024-05-23 09:46:49'),
(540, 15, -1.964925, 30.055679, '2024-05-23 09:46:50'),
(541, 15, -1.964925, 30.055679, '2024-05-23 09:46:52'),
(542, 15, -1.964925, 30.055679, '2024-05-23 09:46:58'),
(543, 15, -1.964925, 30.055679, '2024-05-23 09:47:00'),
(544, 15, -1.964925, 30.055679, '2024-05-23 09:47:01'),
(545, 15, -1.964925, 30.055679, '2024-05-23 09:47:03'),
(546, 15, -1.964925, 30.055679, '2024-05-23 09:47:39'),
(547, 15, -1.964925, 30.055679, '2024-05-23 09:47:41'),
(548, 15, -1.964925, 30.055679, '2024-05-23 09:47:59'),
(549, 15, -1.964925, 30.055679, '2024-05-23 09:48:01'),
(550, 15, -1.964925, 30.055679, '2024-05-23 09:48:06'),
(551, 15, -1.964925, 30.055679, '2024-05-23 09:48:08'),
(552, 28, -1.964925, 30.055679, '2024-05-23 09:48:38'),
(553, 28, -1.964925, 30.055679, '2024-05-23 09:48:38'),
(554, 28, -1.964925, 30.055679, '2024-05-23 09:48:40'),
(555, 28, -1.964925, 30.055679, '2024-05-23 09:48:42'),
(556, 28, -1.964925, 30.055679, '2024-05-23 09:48:44'),
(557, 28, -1.964925, 30.055679, '2024-05-23 09:48:48'),
(558, 28, -1.964925, 30.055679, '2024-05-23 09:53:22'),
(561, 15, -1.964925, 30.055679, '2024-05-23 10:13:38'),
(562, 15, -1.964925, 30.055679, '2024-05-23 10:13:45'),
(563, 15, -1.964925, 30.055679, '2024-05-23 10:13:49'),
(564, 15, -1.964925, 30.055679, '2024-05-23 10:13:51'),
(565, 28, -1.964925, 30.055679, '2024-05-23 10:15:33'),
(566, 28, -1.964925, 30.055679, '2024-05-23 11:07:23'),
(567, 28, -1.964925, 30.055679, '2024-05-23 11:13:00'),
(568, 28, -1.964925, 30.055679, '2024-05-23 11:13:04'),
(569, 28, -1.964925, 30.055679, '2024-05-23 11:13:06'),
(570, 28, -1.964925, 30.055679, '2024-05-23 11:13:22'),
(571, 28, -1.964925, 30.055679, '2024-05-23 11:13:24'),
(572, 28, -1.964925, 30.055679, '2024-05-23 11:13:43'),
(577, 15, -1.964925, 30.055679, '2024-05-23 11:23:18'),
(578, 15, -1.964925, 30.055679, '2024-05-23 11:23:20'),
(579, 15, -1.964925, 30.055679, '2024-05-23 11:24:10'),
(580, 15, -1.964925, 30.055679, '2024-05-23 11:24:12'),
(581, 15, -1.964925, 30.055679, '2024-05-23 11:24:15'),
(582, 15, -1.964925, 30.055679, '2024-05-23 11:24:23'),
(583, 15, -1.964925, 30.055679, '2024-05-23 11:24:25'),
(584, 15, -1.964925, 30.055679, '2024-05-23 11:24:27'),
(585, 15, -1.964925, 30.055679, '2024-05-23 11:24:27'),
(586, 15, -1.964925, 30.055679, '2024-05-23 11:24:29'),
(587, 15, -1.964925, 30.055679, '2024-05-23 11:25:12'),
(588, 15, -1.958588, 30.063029, '2024-05-23 11:26:39'),
(589, 15, -1.958588, 30.063029, '2024-05-23 11:26:40'),
(590, 15, -1.958588, 30.063029, '2024-05-23 11:26:42'),
(591, 15, -1.958588, 30.063029, '2024-05-23 11:26:48'),
(592, 15, -1.958588, 30.063029, '2024-05-23 11:26:57'),
(593, 15, -1.958588, 30.063029, '2024-05-23 11:26:58'),
(594, 15, -1.958588, 30.063029, '2024-05-23 11:26:59'),
(595, 15, -1.958588, 30.063029, '2024-05-23 11:27:19'),
(596, 15, -1.958588, 30.063029, '2024-05-23 11:27:20'),
(597, 15, -1.958588, 30.063029, '2024-05-23 11:27:21'),
(598, 15, -1.958588, 30.063029, '2024-05-23 11:27:23'),
(599, 15, -1.958588, 30.063029, '2024-05-23 11:27:44'),
(600, 15, -1.958588, 30.063029, '2024-05-23 11:27:46'),
(601, 15, -1.958588, 30.063029, '2024-05-23 11:27:54'),
(602, 15, -1.958588, 30.063029, '2024-05-23 11:27:56'),
(603, 15, -1.958588, 30.063029, '2024-05-23 11:28:08'),
(604, 15, -1.958588, 30.063029, '2024-05-23 11:28:09'),
(605, 15, -1.958588, 30.063029, '2024-05-23 11:28:09'),
(606, 15, -1.958588, 30.063029, '2024-05-23 11:28:12'),
(607, 15, -1.958588, 30.063029, '2024-05-23 11:28:12'),
(608, 15, -1.958588, 30.063029, '2024-05-23 11:28:30'),
(609, 15, -1.958588, 30.063029, '2024-05-23 11:28:32'),
(610, 15, -1.958588, 30.063029, '2024-05-23 11:28:34'),
(611, 15, -1.958588, 30.063029, '2024-05-23 11:28:36'),
(612, 15, -1.964925, 30.055679, '2024-05-23 11:29:13'),
(613, 15, -1.964925, 30.055679, '2024-05-23 11:29:15'),
(614, 15, -1.964925, 30.055679, '2024-05-23 11:29:18'),
(615, 15, -1.964925, 30.055679, '2024-05-23 11:29:18'),
(616, 15, -1.964925, 30.055679, '2024-05-23 11:29:20'),
(617, 15, -1.964925, 30.055679, '2024-05-23 11:29:41'),
(618, 15, -1.964925, 30.055679, '2024-05-23 11:29:43'),
(619, 15, -1.964925, 30.055679, '2024-05-23 11:29:45'),
(620, 15, -1.964925, 30.055679, '2024-05-23 11:29:47'),
(621, 15, -1.964925, 30.055679, '2024-05-23 11:29:48'),
(622, 15, -1.964925, 30.055679, '2024-05-23 11:30:49'),
(623, 15, -1.964925, 30.055679, '2024-05-23 11:30:51'),
(624, 15, -1.964925, 30.055679, '2024-05-23 11:32:05'),
(625, 15, -1.964925, 30.055679, '2024-05-23 11:32:07'),
(626, 15, -1.964925, 30.055679, '2024-05-23 11:32:09'),
(627, 15, -1.964925, 30.055679, '2024-05-23 11:32:13'),
(628, 15, -1.964925, 30.055679, '2024-05-23 11:32:19'),
(629, 15, -1.964925, 30.055679, '2024-05-23 11:32:21'),
(630, 15, -1.964925, 30.055679, '2024-05-23 11:32:21'),
(631, 15, -1.964925, 30.055679, '2024-05-23 11:32:23'),
(632, 15, -1.964925, 30.055679, '2024-05-23 11:32:23'),
(633, 15, -1.964925, 30.055679, '2024-05-23 11:32:24'),
(634, 15, -1.964925, 30.055679, '2024-05-23 11:32:26'),
(635, 15, -1.964925, 30.055679, '2024-05-23 11:32:52'),
(636, 15, -1.964925, 30.055679, '2024-05-23 11:32:54'),
(637, 15, -1.964925, 30.055679, '2024-05-23 11:32:56'),
(638, 15, -1.964925, 30.055679, '2024-05-23 11:32:57'),
(639, 15, -1.964925, 30.055679, '2024-05-23 11:32:59'),
(640, 15, -1.964925, 30.055679, '2024-05-23 11:33:01'),
(641, 15, -1.964925, 30.055679, '2024-05-23 11:33:07');

-- --------------------------------------------------------

--
-- Table structure for table `users`
--

CREATE TABLE `users` (
  `user_id` int(11) NOT NULL,
  `name` varchar(255) NOT NULL,
  `email` varchar(255) NOT NULL,
  `phone` varchar(20) NOT NULL,
  `password` varchar(255) NOT NULL,
  `role` varchar(50) NOT NULL,
  `registration_date` timestamp NOT NULL DEFAULT current_timestamp(),
  `profile_picture` varchar(255) DEFAULT NULL
) ENGINE=InnoDB DEFAULT CHARSET=utf8mb4 COLLATE=utf8mb4_general_ci;

--
-- Dumping data for table `users`
--

INSERT INTO `users` (`user_id`, `name`, `email`, `phone`, `password`, `role`, `registration_date`, `profile_picture`) VALUES
(15, 'Gad MBAZANDE', 'test@gmail.com', '', '$2y$10$/R.gjQ5HsFUAIeM0FM3Z7Ohx.mGM0sglpN50NmICk7v2nvlvd3kX6', 'passenger', '2024-04-16 13:46:39', 'uploads/table.jpg'),
(17, 'Merci IRANZI', 'test3@gmail.com', '0782040639', '$2y$10$wPLc5PKDzB0L3...nItfXuqqA4in.kM4NRaYMitLlySip2b5xMCYK', 'private_driver', '2024-04-16 18:18:26', 'uploads/logo.png'),
(27, 'yourbigbruh', 'yourbigbro@gmail.com', '', '$2y$10$qSH4FEPoak6wOeVDiWUEe.QMGLsVN1LPXwz015D2q4XfJMzqFJUxO', 'temporary_driver', '2024-05-08 14:50:51', NULL),
(28, 'Tresor Nkingi', 'mybigbro@gmail.com', '0725737414', '$2y$10$cicSz5F6EST6fvFY3Q/6zuyUC7XL5QtMo6Jnr1dRmU/HU1hcYvnGi', 'car_owner', '2024-05-09 10:22:26', NULL),
(29, 'Chlistophe NTARINDI', 'thisistempdriver@gmail.com', '0783325515', '$2y$10$Zur9f/nQAKxAww3YZrk/B.1nxCI846QP852KZwXUD7bl2OXtRFp9u', 'temporary_driver', '2024-05-09 15:33:47', NULL),
(33, 'Mucyo', 'mucyoolivier2002@gmail.com', '', '$2y$10$iNUvdRCpQzs6lTmlFQFSIOebUrk26WWLMrgbEGbBYML.7c.2ARS.S', 'private_driver', '2024-05-20 08:06:16', NULL),
(34, 'Test4', 'test4@gmail.com', '', '$2y$10$z9CZk8ax1UBV6PCfrRx9Jesz8Lp3GbofpZy5zCuOTMWvm7goxoiXe', 'private_driver', '2024-05-20 14:39:15', NULL),
(36, 'photest', 'photest@gmail.com', '0798298909', '$2y$10$vWkcxhfyrC5QYzHcBo20wO.e5/GxO5P8tsPzaUGTkFS9/d17jydRO', 'passenger', '2024-05-21 11:41:27', NULL);

-- --------------------------------------------------------

--
-- Table structure for table `user_documents`
--

CREATE TABLE `user_documents` (
  `document_id` int(11) NOT NULL,
  `user_id` int(11) NOT NULL,
  `id_document` varchar(255) DEFAULT NULL,
  `driving_license` varchar(255) DEFAULT NULL,
  `vehicle_registration` varchar(255) DEFAULT NULL
) ENGINE=InnoDB DEFAULT CHARSET=utf8mb4 COLLATE=utf8mb4_general_ci;

-- --------------------------------------------------------

--
-- Table structure for table `user_locations`
--

CREATE TABLE `user_locations` (
  `location_id` int(11) NOT NULL,
  `user_id` int(11) NOT NULL,
  `latitude` decimal(10,6) NOT NULL,
  `longitude` decimal(10,6) NOT NULL,
  `timestamp` timestamp NOT NULL DEFAULT current_timestamp()
) ENGINE=InnoDB DEFAULT CHARSET=utf8mb4 COLLATE=utf8mb4_general_ci;

--
-- Dumping data for table `user_locations`
--

INSERT INTO `user_locations` (`location_id`, `user_id`, `latitude`, `longitude`, `timestamp`) VALUES
(805, 17, -1.951883, 30.054957, '2024-05-22 15:34:11'),
(806, 17, -1.951883, 30.054957, '2024-05-22 15:34:13'),
(807, 17, -1.951883, 30.054957, '2024-05-22 15:36:51'),
(808, 17, -1.951883, 30.054957, '2024-05-22 15:37:01'),
(809, 17, -1.951883, 30.054957, '2024-05-22 15:37:18'),
(810, 17, -1.951883, 30.054957, '2024-05-22 15:37:23'),
(811, 17, -1.951883, 30.054957, '2024-05-22 15:43:04'),
(812, 17, -1.951883, 30.054957, '2024-05-22 15:43:10'),
(813, 17, -1.951883, 30.054957, '2024-05-22 15:44:10'),
(814, 17, -1.951883, 30.054957, '2024-05-22 15:44:15'),
(815, 17, -1.951883, 30.054957, '2024-05-22 15:46:02'),
(816, 17, -1.951883, 30.054957, '2024-05-22 15:46:14'),
(817, 17, -1.951883, 30.054957, '2024-05-22 15:46:52'),
(818, 17, -1.951883, 30.054957, '2024-05-22 15:47:24'),
(819, 17, -1.951883, 30.054957, '2024-05-22 15:51:10'),
(820, 17, -1.951883, 30.054957, '2024-05-22 15:51:44'),
(821, 17, -1.951883, 30.054957, '2024-05-22 15:51:49'),
(822, 17, -1.951883, 30.054957, '2024-05-22 15:52:43'),
(823, 17, -1.951883, 30.054957, '2024-05-22 15:52:45'),
(824, 17, -1.951883, 30.054957, '2024-05-22 15:52:51'),
(825, 17, -1.951883, 30.054957, '2024-05-22 15:54:00'),
(826, 17, -1.951883, 30.054957, '2024-05-22 15:58:09'),
(827, 17, -1.951883, 30.054957, '2024-05-22 16:06:16'),
(828, 17, -1.951883, 30.054957, '2024-05-22 16:06:20'),
(829, 17, -1.951883, 30.054957, '2024-05-22 16:06:24'),
(830, 17, -1.951883, 30.054957, '2024-05-22 16:07:42'),
(831, 17, -1.951883, 30.054957, '2024-05-22 16:13:50'),
(832, 17, -1.951883, 30.054957, '2024-05-22 16:14:06'),
(833, 17, -1.951883, 30.054957, '2024-05-22 16:17:50'),
(834, 17, -1.951883, 30.054957, '2024-05-22 16:18:23'),
(835, 17, -1.951883, 30.054957, '2024-05-22 16:18:29'),
(836, 17, -1.951883, 30.054957, '2024-05-22 16:18:29'),
(837, 17, -1.951883, 30.054957, '2024-05-22 16:18:50'),
(838, 17, -1.951883, 30.054957, '2024-05-22 16:18:56'),
(839, 17, -1.951883, 30.054957, '2024-05-22 16:19:51'),
(840, 17, -1.951883, 30.054957, '2024-05-22 16:20:09'),
(841, 17, -1.951883, 30.054957, '2024-05-22 16:20:25'),
(842, 17, -1.951883, 30.054957, '2024-05-22 16:21:19'),
(843, 17, -1.951883, 30.054957, '2024-05-22 16:21:59'),
(844, 17, -1.951883, 30.054957, '2024-05-22 16:21:59'),
(845, 17, -1.951883, 30.054957, '2024-05-22 16:22:53'),
(846, 17, -1.951883, 30.054957, '2024-05-22 16:23:34'),
(847, 17, -1.951883, 30.054957, '2024-05-22 16:24:14'),
(848, 17, -1.951883, 30.054957, '2024-05-22 17:16:31'),
(849, 17, -1.951883, 30.054957, '2024-05-22 17:16:36'),
(850, 17, -1.951883, 30.054957, '2024-05-22 17:16:38'),
(851, 17, -1.951883, 30.054957, '2024-05-22 17:16:40'),
(852, 17, -1.951883, 30.054957, '2024-05-22 17:36:59'),
(853, 17, -1.964925, 30.055679, '2024-05-23 09:18:28'),
(854, 17, -1.964925, 30.055679, '2024-05-23 09:18:31'),
(855, 17, -1.964925, 30.055679, '2024-05-23 09:18:33'),
(856, 17, -1.964925, 30.055679, '2024-05-23 09:18:37'),
(857, 17, -1.964925, 30.055679, '2024-05-23 09:18:39'),
(858, 17, -1.964925, 30.055679, '2024-05-23 09:20:21'),
(859, 17, -1.964925, 30.055679, '2024-05-23 09:20:24'),
(860, 17, -1.964925, 30.055679, '2024-05-23 09:21:04'),
(861, 17, -1.964925, 30.055679, '2024-05-23 09:21:06'),
(862, 17, -1.964925, 30.055679, '2024-05-23 09:21:08'),
(863, 17, -1.964925, 30.055679, '2024-05-23 09:21:10'),
(864, 17, -1.964925, 30.055679, '2024-05-23 09:21:14'),
(865, 17, -1.964925, 30.055679, '2024-05-23 09:22:13'),
(866, 17, -1.964925, 30.055679, '2024-05-23 09:22:15'),
(867, 17, -1.964925, 30.055679, '2024-05-23 09:22:17'),
(868, 17, -1.964925, 30.055679, '2024-05-23 09:22:18'),
(869, 17, -1.964925, 30.055679, '2024-05-23 09:22:23'),
(870, 17, -1.964925, 30.055679, '2024-05-23 09:22:37'),
(871, 17, -1.964925, 30.055679, '2024-05-23 09:22:39'),
(872, 34, -1.964925, 30.055679, '2024-05-23 11:22:49'),
(873, 34, -1.964925, 30.055679, '2024-05-23 11:22:51'),
(874, 34, -1.964925, 30.055679, '2024-05-23 11:24:12'),
(875, 34, -1.964925, 30.055679, '2024-05-23 11:24:14'),
(876, 34, -1.964925, 30.055679, '2024-05-23 11:24:16'),
(877, 34, -1.964925, 30.055679, '2024-05-23 11:24:16'),
(878, 34, -1.964925, 30.055679, '2024-05-23 11:24:17'),
(879, 34, -1.964925, 30.055679, '2024-05-23 11:24:21'),
(880, 34, -1.964925, 30.055679, '2024-05-23 11:24:23'),
(881, 34, -1.964925, 30.055679, '2024-05-23 11:24:31'),
(882, 34, -1.964925, 30.055679, '2024-05-23 11:24:31'),
(883, 34, -1.958588, 30.063029, '2024-05-23 11:27:01'),
(884, 34, -1.958588, 30.063029, '2024-05-23 11:27:01'),
(885, 34, -1.958588, 30.063029, '2024-05-23 11:27:14'),
(886, 34, -1.958588, 30.063029, '2024-05-23 11:27:18'),
(887, 34, -1.958588, 30.063029, '2024-05-23 11:27:49'),
(888, 34, -1.958588, 30.063029, '2024-05-23 11:27:49'),
(889, 34, -1.958588, 30.063029, '2024-05-23 11:27:49'),
(890, 34, -1.958588, 30.063029, '2024-05-23 11:27:50'),
(891, 34, -1.958588, 30.063029, '2024-05-23 11:27:55'),
(892, 34, -1.958588, 30.063029, '2024-05-23 11:27:55'),
(893, 34, -1.958588, 30.063029, '2024-05-23 11:27:56'),
(894, 34, -1.958588, 30.063029, '2024-05-23 11:27:58'),
(895, 34, -1.958588, 30.063029, '2024-05-23 11:28:00'),
(896, 34, -1.958588, 30.063029, '2024-05-23 11:28:11'),
(897, 34, -1.958588, 30.063029, '2024-05-23 11:28:12'),
(898, 34, -1.958588, 30.063029, '2024-05-23 11:28:12'),
(899, 34, -1.958588, 30.063029, '2024-05-23 11:28:14'),
(900, 34, -1.958588, 30.063029, '2024-05-23 11:28:16'),
(901, 17, -1.958588, 30.063029, '2024-05-23 11:29:04'),
(902, 17, -1.958588, 30.063029, '2024-05-23 11:29:06'),
(903, 17, -1.964925, 30.055679, '2024-05-23 11:29:08'),
(904, 17, -1.964925, 30.055679, '2024-05-23 11:29:22'),
(905, 17, -1.964925, 30.055679, '2024-05-23 11:29:23'),
(906, 17, -1.964925, 30.055679, '2024-05-23 11:29:25'),
(907, 17, -1.964925, 30.055679, '2024-05-23 11:29:28'),
(908, 17, -1.964925, 30.055679, '2024-05-23 11:29:30'),
(909, 17, -1.964925, 30.055679, '2024-05-23 11:29:32'),
(910, 17, -1.964925, 30.055679, '2024-05-23 11:29:34'),
(911, 17, -1.964925, 30.055679, '2024-05-23 11:29:36'),
(912, 17, -1.964925, 30.055679, '2024-05-23 11:29:38'),
(913, 17, -1.964925, 30.055679, '2024-05-23 11:30:15'),
(914, 17, -1.964925, 30.055679, '2024-05-23 11:30:48'),
(915, 17, -1.964925, 30.055679, '2024-05-23 11:31:01'),
(916, 17, -1.964925, 30.055679, '2024-05-23 11:31:41'),
(917, 17, -1.964925, 30.055679, '2024-05-23 11:32:03'),
(918, 17, -1.964925, 30.055679, '2024-05-23 11:32:14'),
(919, 17, -1.964925, 30.055679, '2024-05-23 11:32:16'),
(920, 17, -1.964925, 30.055679, '2024-05-23 11:32:47'),
(921, 17, -1.964925, 30.055679, '2024-05-23 11:32:49'),
(922, 17, -1.964925, 30.055679, '2024-05-23 11:34:30'),
(923, 17, -1.964925, 30.055679, '2024-05-23 11:37:41'),
(924, 17, -1.964925, 30.055679, '2024-05-23 11:38:41'),
(925, 17, -1.964925, 30.055679, '2024-05-23 11:49:59'),
(926, 17, -1.964925, 30.055679, '2024-05-23 11:50:26'),
(927, 17, -1.964925, 30.055679, '2024-05-23 11:50:30'),
(928, 17, -1.964925, 30.055679, '2024-05-23 11:50:36'),
(929, 17, -1.964925, 30.055679, '2024-05-23 11:51:16'),
(930, 17, -1.964925, 30.055679, '2024-05-23 11:52:05'),
(931, 17, -1.964925, 30.055679, '2024-05-23 11:55:01'),
(932, 17, -1.964925, 30.055679, '2024-05-23 11:57:29'),
(933, 17, -1.964925, 30.055679, '2024-05-23 11:57:39'),
(934, 17, -1.964925, 30.055679, '2024-05-23 11:58:17'),
(935, 17, -1.964925, 30.055679, '2024-05-23 12:01:00'),
(936, 17, -1.964925, 30.055679, '2024-05-23 12:01:02'),
(937, 29, -1.951883, 30.054957, '2024-05-23 13:56:37'),
(938, 29, -1.951883, 30.054957, '2024-05-23 13:56:39'),
(939, 29, -1.951883, 30.054957, '2024-05-23 13:57:00'),
(940, 29, -1.951883, 30.054957, '2024-05-23 13:59:14'),
(941, 29, -1.951883, 30.054957, '2024-05-23 13:59:36'),
(942, 29, -1.951883, 30.054957, '2024-05-23 14:01:09'),
(943, 29, -1.951883, 30.054957, '2024-05-23 14:01:39'),
(944, 29, -1.951883, 30.054957, '2024-05-23 14:01:41'),
(945, 29, -1.951883, 30.054957, '2024-05-23 14:01:53'),
(946, 29, -1.951883, 30.054957, '2024-05-23 14:15:05'),
(947, 29, -1.951883, 30.054957, '2024-05-23 14:22:29'),
(948, 29, -1.951883, 30.054957, '2024-05-23 14:34:36'),
(949, 29, -1.951883, 30.054957, '2024-05-23 14:35:12'),
(950, 29, -1.951883, 30.054957, '2024-05-23 14:35:57'),
(951, 29, -1.951883, 30.054957, '2024-05-23 14:44:33'),
(952, 29, -1.965972, 30.054957, '2024-05-23 15:50:18'),
(953, 29, -1.951883, 30.054957, '2024-05-23 17:28:25'),
(954, 29, -1.951883, 30.054957, '2024-05-23 17:28:25'),
(955, 29, -1.951883, 30.054957, '2024-05-23 17:37:05'),
(956, 29, -1.951883, 30.054957, '2024-05-23 17:40:02'),
(957, 29, -1.951883, 30.054957, '2024-05-23 17:43:20'),
(958, 29, -1.951883, 30.054957, '2024-05-23 17:43:20'),
(959, 29, -1.951883, 30.054957, '2024-05-23 17:43:22'),
(960, 29, -1.951883, 30.054957, '2024-05-23 17:44:40'),
(961, 29, -1.951883, 30.054957, '2024-05-23 17:44:42'),
(962, 29, -1.951883, 30.054957, '2024-05-23 17:47:38'),
(963, 29, -1.951883, 30.054957, '2024-05-23 17:47:40'),
(964, 29, -1.951883, 30.054957, '2024-05-23 17:49:39'),
(965, 29, -1.951883, 30.054957, '2024-05-23 17:55:48'),
(966, 29, -1.951883, 30.054957, '2024-05-23 17:55:50'),
(967, 29, -1.951883, 30.054957, '2024-05-23 17:55:53'),
(968, 29, -1.951883, 30.054957, '2024-05-23 17:55:54'),
(969, 29, -1.951883, 30.054957, '2024-05-23 18:00:18'),
(970, 29, -1.951883, 30.054957, '2024-05-23 18:00:19'),
(971, 29, -1.951883, 30.054957, '2024-05-23 18:12:35'),
(972, 29, -1.951883, 30.054957, '2024-05-23 18:12:59'),
(973, 29, -1.951883, 30.054957, '2024-05-23 18:13:15'),
(974, 29, -1.951883, 30.054957, '2024-05-23 18:13:17'),
(975, 29, -1.951883, 30.054957, '2024-05-23 18:13:22'),
(976, 29, -1.951883, 30.054957, '2024-05-23 18:13:24'),
(977, 29, -1.951883, 30.054957, '2024-05-23 18:13:25'),
(978, 17, -1.965972, 30.054957, '2024-05-26 16:58:56'),
(979, 17, -1.965972, 30.054957, '2024-05-26 16:58:58'),
(980, 17, -1.965972, 30.054957, '2024-05-26 17:05:44'),
(981, 17, -1.965972, 30.054957, '2024-05-26 17:05:46'),
(982, 17, -1.965972, 30.054957, '2024-05-26 17:19:18'),
(983, 17, -1.965972, 30.054957, '2024-05-26 17:19:19'),
(984, 17, -1.965972, 30.054957, '2024-05-26 17:19:21'),
(985, 17, -1.965972, 30.054957, '2024-05-26 17:19:49'),
(986, 17, -1.965972, 30.054957, '2024-05-26 17:20:02'),
(987, 17, -1.965972, 30.054957, '2024-05-26 17:20:04'),
(988, 17, -1.965972, 30.054957, '2024-05-26 17:41:53'),
(989, 17, -1.965972, 30.054957, '2024-05-26 17:41:55'),
(990, 17, -1.965972, 30.054957, '2024-05-26 17:41:59'),
(991, 17, -1.965972, 30.054957, '2024-05-26 17:42:56'),
(992, 17, -1.965972, 30.054957, '2024-05-26 17:44:40'),
(993, 17, -1.965972, 30.054957, '2024-05-26 17:44:42'),
(994, 17, -1.965972, 30.054957, '2024-05-26 17:49:50'),
(995, 17, -1.965972, 30.054957, '2024-05-26 17:50:00'),
(996, 17, -1.967555, 30.054957, '2024-05-27 12:31:06'),
(997, 17, -1.967555, 30.054957, '2024-05-27 12:31:30'),
(998, 17, -1.967555, 30.054957, '2024-05-27 12:31:32'),
(999, 17, -1.967555, 30.054957, '2024-05-27 12:35:20'),
(1000, 17, -1.967555, 30.054957, '2024-05-27 12:35:20'),
(1001, 17, -1.967555, 30.054957, '2024-05-27 12:38:55'),
(1002, 17, -1.967555, 30.054957, '2024-05-27 12:38:56'),
(1003, 17, -1.967555, 30.054957, '2024-05-27 12:38:58'),
(1004, 17, -1.967555, 30.054957, '2024-05-27 12:41:49'),
(1005, 17, -1.967555, 30.054957, '2024-05-27 12:41:50'),
(1006, 17, -1.967555, 30.054957, '2024-05-27 12:41:52'),
(1007, 17, -1.967555, 30.054957, '2024-05-27 14:07:59'),
(1008, 17, -1.967555, 30.054957, '2024-05-27 14:34:20'),
(1009, 17, -1.967555, 30.054957, '2024-05-27 14:37:53'),
(1010, 17, -1.967555, 30.054957, '2024-05-27 14:40:53'),
(1011, 17, -1.967555, 30.054957, '2024-05-27 14:40:55'),
(1012, 17, -1.967555, 30.054957, '2024-05-27 14:40:57'),
(1013, 17, -1.967555, 30.054957, '2024-05-27 14:41:37'),
(1014, 17, -1.967555, 30.054957, '2024-05-27 14:43:09'),
(1015, 17, -1.967555, 30.054957, '2024-05-27 14:43:09'),
(1016, 29, -1.967555, 30.054957, '2024-05-27 14:43:25'),
(1017, 29, -1.967555, 30.054957, '2024-05-27 14:43:27'),
(1018, 29, -1.967555, 30.054957, '2024-05-27 14:45:32'),
(1019, 29, -1.967555, 30.054957, '2024-05-27 14:46:03'),
(1020, 29, -1.967555, 30.054957, '2024-05-27 14:46:06'),
(1021, 29, -1.967555, 30.054957, '2024-05-27 14:46:08'),
(1022, 29, -1.967555, 30.054957, '2024-05-27 14:46:46'),
(1023, 29, -1.967555, 30.054957, '2024-05-27 14:47:04'),
(1024, 29, -1.967555, 30.054957, '2024-05-27 14:47:06'),
(1025, 29, -1.967555, 30.054957, '2024-05-27 14:54:44'),
(1026, 29, -1.967555, 30.054957, '2024-05-27 14:54:45'),
(1027, 29, -1.967555, 30.054957, '2024-05-27 14:54:46'),
(1028, 29, -1.967555, 30.054957, '2024-05-27 14:54:58'),
(1029, 29, -1.967555, 30.054957, '2024-05-27 14:55:04'),
(1030, 29, -1.967555, 30.054957, '2024-05-27 14:55:06'),
(1031, 29, -1.967555, 30.054957, '2024-05-27 15:00:19'),
(1032, 29, -1.967555, 30.054957, '2024-05-27 15:00:21'),
(1033, 29, -1.967555, 30.054957, '2024-05-27 15:00:21'),
(1034, 29, -1.967555, 30.054957, '2024-05-27 15:00:23'),
(1035, 29, -1.967555, 30.054957, '2024-05-27 15:00:24'),
(1036, 29, -1.967555, 30.054957, '2024-05-27 15:00:36'),
(1037, 29, -1.967555, 30.054957, '2024-05-27 15:00:48'),
(1038, 29, -1.967555, 30.054957, '2024-05-27 15:00:49'),
(1039, 29, -1.967555, 30.054957, '2024-05-27 15:18:51'),
(1040, 29, -1.967555, 30.054957, '2024-05-27 15:18:53'),
(1041, 29, -1.967555, 30.054957, '2024-05-27 15:18:54'),
(1042, 29, -1.967555, 30.054957, '2024-05-27 15:18:56'),
(1043, 29, -1.967555, 30.054957, '2024-05-27 15:19:40'),
(1044, 29, -1.967555, 30.054957, '2024-05-27 15:19:42'),
(1045, 29, -1.967555, 30.054957, '2024-05-27 15:19:49'),
(1046, 29, -1.967555, 30.054957, '2024-05-27 15:20:20'),
(1047, 29, -1.967555, 30.054957, '2024-05-27 15:21:19'),
(1048, 29, -1.967555, 30.054957, '2024-05-27 15:21:19'),
(1049, 29, -1.967555, 30.054957, '2024-05-27 15:21:21'),
(1050, 29, -1.967555, 30.054957, '2024-05-27 15:21:22'),
(1051, 29, -1.967555, 30.054957, '2024-05-27 15:21:24'),
(1052, 29, -1.967555, 30.054957, '2024-05-27 15:21:26'),
(1053, 29, -1.967555, 30.054957, '2024-05-27 15:21:28'),
(1054, 29, -1.967555, 30.054957, '2024-05-27 15:21:29'),
(1055, 29, -1.967555, 30.054957, '2024-05-27 15:21:57'),
(1056, 29, -1.967555, 30.054957, '2024-05-27 15:24:51'),
(1057, 29, -1.967555, 30.054957, '2024-05-27 15:24:57'),
(1058, 29, -1.967555, 30.054957, '2024-05-27 15:24:57'),
(1059, 29, -1.967555, 30.054957, '2024-05-27 15:24:57'),
(1060, 29, -1.967555, 30.054957, '2024-05-27 15:24:59'),
(1061, 29, -1.967555, 30.054957, '2024-05-27 15:25:01'),
(1062, 29, -1.967555, 30.054957, '2024-05-27 15:25:01'),
(1063, 29, -1.967555, 30.054957, '2024-05-27 15:31:17'),
(1064, 29, -1.967555, 30.054957, '2024-05-27 15:31:17'),
(1065, 29, -1.967555, 30.054957, '2024-05-27 15:31:19'),
(1066, 29, -1.967555, 30.054957, '2024-05-27 15:31:20'),
(1067, 29, -1.967555, 30.054957, '2024-05-27 15:31:22'),
(1068, 29, -1.967555, 30.054957, '2024-05-27 15:31:49'),
(1069, 29, -1.967555, 30.054957, '2024-05-27 15:35:00'),
(1070, 29, -1.967555, 30.054957, '2024-05-27 15:35:02'),
(1071, 29, -1.967555, 30.054957, '2024-05-27 15:35:02'),
(1072, 29, -1.967555, 30.054957, '2024-05-27 15:35:02'),
(1073, 29, -1.967555, 30.054957, '2024-05-27 15:38:28'),
(1074, 29, -1.967555, 30.054957, '2024-05-27 15:45:14'),
(1075, 29, -1.967555, 30.054957, '2024-05-27 15:45:15'),
(1076, 29, -1.967555, 30.054957, '2024-05-27 15:45:15'),
(1077, 29, -1.967555, 30.054957, '2024-05-27 15:45:17'),
(1078, 29, -1.967555, 30.054957, '2024-05-27 15:45:39'),
(1079, 29, -1.967555, 30.054957, '2024-05-27 15:45:41'),
(1080, 29, -1.967555, 30.054957, '2024-05-27 16:58:11'),
(1081, 29, -1.967555, 30.054957, '2024-05-27 17:31:24'),
(1082, 29, -1.967555, 30.054957, '2024-05-27 17:58:35'),
(1083, 29, -1.967555, 30.054957, '2024-05-27 17:58:36'),
(1084, 29, -1.967555, 30.054957, '2024-05-27 17:59:28'),
(1085, 29, -1.967555, 30.054957, '2024-05-27 17:59:30'),
(1086, 29, -1.967555, 30.054957, '2024-05-27 17:59:31'),
(1087, 29, -1.967555, 30.054957, '2024-05-27 17:59:33'),
(1088, 29, -1.967555, 30.054957, '2024-05-27 17:59:38'),
(1089, 29, -1.967555, 30.054957, '2024-05-27 18:00:27'),
(1090, 29, -1.967555, 30.054957, '2024-05-27 18:00:30'),
(1091, 29, -1.967555, 30.054957, '2024-05-27 18:00:32'),
(1092, 29, -1.967555, 30.054957, '2024-05-27 18:00:33'),
(1093, 29, -1.967555, 30.054957, '2024-05-27 18:00:35'),
(1094, 29, -1.967555, 30.054957, '2024-05-27 18:00:37'),
(1095, 29, -1.967555, 30.054957, '2024-05-27 18:00:47'),
(1096, 29, -1.962631, 30.064526, '2024-05-27 18:25:44'),
(1097, 29, -1.962631, 30.064526, '2024-05-27 18:25:57'),
(1098, 29, -1.962631, 30.064526, '2024-05-27 18:25:59'),
(1099, 29, -1.962637, 30.064524, '2024-05-27 18:28:20'),
(1100, 29, -1.962637, 30.064524, '2024-05-27 18:28:21'),
(1101, 29, -1.962637, 30.064524, '2024-05-27 18:28:23'),
(1102, 29, -1.962634, 30.064524, '2024-05-27 18:29:51'),
(1103, 29, -1.962634, 30.064524, '2024-05-27 18:30:25'),
(1104, 29, -1.962634, 30.064524, '2024-05-27 18:30:27'),
(1105, 29, -1.962634, 30.064524, '2024-05-27 18:30:27'),
(1106, 29, -1.962634, 30.064524, '2024-05-27 18:30:29'),
(1107, 29, -1.951900, 30.054957, '2024-05-27 18:30:37'),
(1108, 29, -1.951900, 30.054957, '2024-05-27 18:30:38'),
(1109, 29, -1.951900, 30.054957, '2024-05-27 18:30:42'),
(1110, 29, -1.951900, 30.054957, '2024-05-27 18:30:44'),
(1111, 29, -1.951900, 30.054957, '2024-05-27 18:30:46'),
(1112, 29, -1.951900, 30.054957, '2024-05-27 19:33:49'),
(1113, 29, -1.951900, 30.054957, '2024-05-27 19:33:51'),
(1114, 29, -1.951900, 30.054957, '2024-05-27 19:34:39'),
(1115, 29, -1.951900, 30.054957, '2024-05-27 19:36:15'),
(1116, 29, -1.951900, 30.054957, '2024-05-27 19:36:17'),
(1117, 29, -1.951900, 30.054957, '2024-05-27 19:37:24'),
(1118, 29, -1.951900, 30.054957, '2024-05-27 19:37:26'),
(1119, 29, -1.951900, 30.054957, '2024-05-27 19:37:26'),
(1120, 29, -1.951900, 30.054957, '2024-05-27 19:37:28'),
(1121, 29, -1.951900, 30.054957, '2024-05-27 19:37:34'),
(1122, 29, -1.951900, 30.054957, '2024-05-27 19:38:43'),
(1123, 29, -1.951900, 30.054957, '2024-05-27 19:38:45'),
(1124, 29, -1.951900, 30.054957, '2024-05-27 19:38:46'),
(1125, 29, -1.951900, 30.054957, '2024-05-27 19:38:54'),
(1126, 29, -1.951900, 30.054957, '2024-05-27 19:38:55'),
(1127, 29, -1.951900, 30.054957, '2024-05-27 19:38:57');

-- --------------------------------------------------------

--
-- Table structure for table `user_sessions`
--

CREATE TABLE `user_sessions` (
  `session_id` int(11) NOT NULL,
  `user_id` int(11) DEFAULT NULL,
  `session_token` varchar(255) DEFAULT NULL,
  `status` enum('active','disconnected') DEFAULT 'active',
  `start_time` timestamp NOT NULL DEFAULT current_timestamp(),
  `end_time` timestamp NULL DEFAULT NULL
) ENGINE=InnoDB DEFAULT CHARSET=utf8mb4 COLLATE=utf8mb4_general_ci;

--
-- Indexes for dumped tables
--

--
-- Indexes for table `admin`
--
ALTER TABLE `admin`
  ADD PRIMARY KEY (`admin_id`);

--
-- Indexes for table `booking_details`
--
ALTER TABLE `booking_details`
  ADD PRIMARY KEY (`booking_id`);

--
-- Indexes for table `car_owners`
--
ALTER TABLE `car_owners`
  ADD PRIMARY KEY (`car_owner_id`),
  ADD KEY `user_id` (`user_id`);

--
-- Indexes for table `passenger_locations`
--
ALTER TABLE `passenger_locations`
  ADD PRIMARY KEY (`location_id`),
  ADD KEY `fk_passenger_user_id` (`user_id`);

--
-- Indexes for table `users`
--
ALTER TABLE `users`
  ADD PRIMARY KEY (`user_id`),
  ADD UNIQUE KEY `email` (`email`);

--
-- Indexes for table `user_documents`
--
ALTER TABLE `user_documents`
  ADD PRIMARY KEY (`document_id`),
  ADD KEY `user_id` (`user_id`);

--
-- Indexes for table `user_locations`
--
ALTER TABLE `user_locations`
  ADD PRIMARY KEY (`location_id`),
  ADD KEY `user_id` (`user_id`);

--
-- Indexes for table `user_sessions`
--
ALTER TABLE `user_sessions`
  ADD PRIMARY KEY (`session_id`);

--
-- AUTO_INCREMENT for dumped tables
--

--
-- AUTO_INCREMENT for table `admin`
--
ALTER TABLE `admin`
  MODIFY `admin_id` int(11) NOT NULL AUTO_INCREMENT, AUTO_INCREMENT=2;

--
-- AUTO_INCREMENT for table `booking_details`
--
ALTER TABLE `booking_details`
  MODIFY `booking_id` int(11) NOT NULL AUTO_INCREMENT, AUTO_INCREMENT=42;

--
-- AUTO_INCREMENT for table `car_owners`
--
ALTER TABLE `car_owners`
  MODIFY `car_owner_id` int(11) NOT NULL AUTO_INCREMENT, AUTO_INCREMENT=5;

--
-- AUTO_INCREMENT for table `passenger_locations`
--
ALTER TABLE `passenger_locations`
  MODIFY `location_id` int(11) NOT NULL AUTO_INCREMENT, AUTO_INCREMENT=642;

--
-- AUTO_INCREMENT for table `users`
--
ALTER TABLE `users`
  MODIFY `user_id` int(11) NOT NULL AUTO_INCREMENT, AUTO_INCREMENT=37;

--
-- AUTO_INCREMENT for table `user_documents`
--
ALTER TABLE `user_documents`
  MODIFY `document_id` int(11) NOT NULL AUTO_INCREMENT, AUTO_INCREMENT=6;

--
-- AUTO_INCREMENT for table `user_locations`
--
ALTER TABLE `user_locations`
  MODIFY `location_id` int(11) NOT NULL AUTO_INCREMENT, AUTO_INCREMENT=1128;

--
-- AUTO_INCREMENT for table `user_sessions`
--
ALTER TABLE `user_sessions`
  MODIFY `session_id` int(11) NOT NULL AUTO_INCREMENT, AUTO_INCREMENT=185;

--
-- Constraints for dumped tables
--

--
-- Constraints for table `car_owners`
--
ALTER TABLE `car_owners`
  ADD CONSTRAINT `car_owners_ibfk_1` FOREIGN KEY (`user_id`) REFERENCES `users` (`user_id`) ON DELETE CASCADE;

--
-- Constraints for table `passenger_locations`
--
ALTER TABLE `passenger_locations`
  ADD CONSTRAINT `fk_passenger_user_id` FOREIGN KEY (`user_id`) REFERENCES `users` (`user_id`) ON DELETE CASCADE;

--
-- Constraints for table `user_documents`
--
ALTER TABLE `user_documents`
  ADD CONSTRAINT `user_documents_ibfk_1` FOREIGN KEY (`user_id`) REFERENCES `users` (`user_id`);

--
-- Constraints for table `user_locations`
--
ALTER TABLE `user_locations`
  ADD CONSTRAINT `user_locations_ibfk_1` FOREIGN KEY (`user_id`) REFERENCES `users` (`user_id`);
COMMIT;

/*!40101 SET CHARACTER_SET_CLIENT=@OLD_CHARACTER_SET_CLIENT */;
/*!40101 SET CHARACTER_SET_RESULTS=@OLD_CHARACTER_SET_RESULTS */;
/*!40101 SET COLLATION_CONNECTION=@OLD_COLLATION_CONNECTION */;
